{"_wandb":{"runtime":76},"_runtime":12.928624294,"_timestamp":1.744105402105321e+09,"_step":1}