{"ratio":2.0277846e+07,"ups":6.844781398773193,"vf_clip":0.20221607387065887,"loss":2.88389696e+08,"values":9.875,"rewards":3.59375,"ppl":1.0128283500671387,"approx_kl":2.0277844e+07,"_step":1000,"lr":1.5811387754638417e-07,"advantages":-0.1615365594625473,"reward_mean":3.59375,"res_len":361,"reward_std":2.4302778244018555,"ppl_policy0":1.0128228664398193,"pg_clip":0.14958448708057404,"_wandb":{"runtime":4691},"_runtime":4691.848282117,"values_clipped":11.710468292236328,"entro_loss":0,"pg_loss":2.88389664e+08,"vf_loss":42.12488555908203,"ref_kl":-0.00872039794921875,"_timestamp":1.7442916688046682e+09,"global_exs":1988,"returns":11.574950218200684}