{"_wandb":{"runtime":24},"_runtime":12.853875952,"_step":2,"_timestamp":1.7442705254444792e+09}