{"loss":-34.7673225402832,"_step":12,"ppl":1.0306322574615479,"rewards":6,"res_len":116,"_wandb":{"runtime":323},"ups":3.6872873306274414,"global_exs":20,"_runtime":321.121150965,"ppl_policy0":1.0306322574615479,"_timestamp":1.7442809977930758e+09,"lr":5.000000058430487e-08}