{"_timestamp":1.7442748651087332e+09,"_runtime":10.852062722,"_step":2,"_wandb":{"runtime":513}}