{"_wandb":{"runtime":13},"_timestamp":1.7441777636094785e+09,"_runtime":12.950742296,"_step":0}