{"lr":1.5811387754638417e-07,"_timestamp":1.7446896852487314e+09,"ref_kl":0.0033416748046875,"rewards":1.11328125,"returns":-0.2891019582748413,"ratio":0.9247627258300781,"vf_clip":0.06640625,"ppl_policy0":1.005193829536438,"_wandb":{"runtime":4618},"ppl":1.0052014589309692,"reward_mean":1.109375,"res_len":512,"approx_kl":0.24584387242794037,"values":-0.306640625,"reward_std":0.30378472805023193,"pg_clip":0.197265625,"ups":7.48734188079834,"vf_loss":0.15639398992061615,"advantages":0.01806364767253399,"_runtime":4618.938396463,"pg_loss":0.022340495139360428,"entro_loss":0,"values_clipped":-0.29995399713516235,"loss":0.17873448133468628,"global_exs":1983,"_step":1000}