{"_runtime":10.570664763,"_wandb":{"runtime":185},"_timestamp":1.74427540193555e+09,"_step":2}