{"_wandb":{"runtime":93},"_timestamp":1.7442707354870877e+09,"_runtime":12.84439574,"_step":2}