{"_wandb":{"runtime":5376},"_step":2,"_timestamp":1.7442639813898456e+09,"_runtime":12.942766338}