{"ppl_policy0":1.0329244136810303,"rewards":0.046875,"lr":5.000000058430487e-08,"global_exs":14,"ppl":1.0329866409301758,"ups":6.829256534576416,"_wandb":{"runtime":83},"_timestamp":1.7442792821555653e+09,"_runtime":82.239932275,"loss":28.764650344848633,"res_len":259.5,"_step":9}