{"_step":853,"ppl":1.2385815382003784,"res_len":24.5,"loss":75.49600982666016,"lr":1.7139778663022298e-07,"ups":6.757115840911865,"global_exs":1685,"_runtime":3709.115874278,"rewards":5.40625,"_wandb":{"runtime":3712},"_timestamp":1.7441816277714827e+09,"ppl_policy0":1.237791895866394}