{"_step":2,"_wandb":{"runtime":24},"_timestamp":1.7442705253626401e+09,"_runtime":12.652505059}