{"returns":9.023062705993652,"lr":4.999999987376214e-07,"approx_kl":4.991209506988525,"vf_loss":6.054599761962891,"ppl":1.0292855501174927,"ratio":5.470398902893066,"ups":7.510200023651123,"values":9.5,"_step":100,"_timestamp":1.7442829248827717e+09,"_runtime":528.51941316,"entro_loss":0,"pg_loss":0.7153930068016052,"res_len":255.5,"pg_clip":0.40508806705474854,"advantages":-0.4673968553543091,"reward_std":1.4142135381698608,"rewards":5.15625,"ref_kl":0.0512237548828125,"ppl_policy0":1.0295374393463135,"loss":6.769992828369141,"_wandb":{"runtime":528},"global_exs":200,"values_clipped":9.525954246520996,"vf_clip":0.31506848335266113,"reward_mean":5.15625}