{"_step":0,"_timestamp":1.7442819677725525e+09,"_runtime":11.766211114,"_wandb":{"runtime":11}}