{"loss":15.515387535095215,"_wandb":{"runtime":148},"lr":1.1000000199601345e-07,"ppl":1.0052590370178223,"_runtime":145.825132651,"rewards":4.728515625,"_step":24,"ppl_policy0":1.0052666664123535,"res_len":512,"_timestamp":1.7442780311517253e+09,"ups":6.231314659118652,"global_exs":44}