{"_runtime":820.561590367,"ppl":1.0051400661468506,"ups":6.28793478012085,"global_exs":356,"lr":3.737175404694426e-07,"_step":181,"ppl_policy0":1.0051400661468506,"_wandb":{"runtime":820},"_timestamp":1.7442744936109226e+09,"res_len":512,"rewards":2.931640625,"loss":39.394290924072266}