{"_runtime":12.584745285,"_step":2,"_wandb":{"runtime":940},"_timestamp":1.7442626654634545e+09}