{"ppl_policy0":1.0798701047897339,"ups":5.25565767288208,"_wandb":{"runtime":728},"_step":162,"rewards":2.3046875,"lr":3.952847009713878e-07,"loss":106.73541259765625,"ppl":1.0792924165725708,"res_len":73,"_timestamp":1.7442736599279299e+09,"global_exs":316,"_runtime":724.731629775}