{"_wandb":{"runtime":101},"_runtime":12.889226824,"_timestamp":1.744104867550812e+09,"_step":1}