{"_wandb":{"runtime":282},"_step":2,"_timestamp":1.7442636803453243e+09,"_runtime":11.722420464}