{"_wandb":{"runtime":63},"_timestamp":1.7442867010060234e+09,"_runtime":62.080210397,"global_exs":4,"rewards":5.5390625,"lr":5.000000058430487e-08,"res_len":201.5,"ppl":1.0186266899108887,"loss":167.07821655273438,"ups":7.312716960906982,"_step":1,"ppl_policy0":1.0187846422195435}