{"ppl_policy0":1.0390574932098389,"_runtime":161.669756251,"ups":7.3488616943359375,"lr":1.549999950611891e-07,"rewards":2.56640625,"_timestamp":1.7442710178796427e+09,"loss":17.301654815673828,"res_len":167,"_wandb":{"runtime":163},"ppl":1.0390088558197021,"_step":33,"global_exs":61}