{"ppl_policy0":1.069787859916687,"_wandb":{"runtime":4349},"global_exs":1982,"rewards":6.71875,"res_len":94.5,"ups":4.242666244506836,"loss":21.894498825073242,"_step":1001,"_timestamp":1.7441102705314622e+09,"ppl":1.0701416730880737,"_runtime":4301.011352573,"lr":1.5811387754638417e-07}