{"global_exs":150,"lr":3.7500001326407073e-07,"ups":7.141526222229004,"_runtime":381.978022305,"loss":18.36437225341797,"_timestamp":1.7442814217700348e+09,"ppl_policy0":1.0723618268966675,"res_len":87,"rewards":5.2109375,"ppl":1.0723618268966675,"_wandb":{"runtime":385},"_step":77}