{"_runtime":12.012548214,"_timestamp":1.7441042036068547e+09,"_step":1,"_wandb":{"runtime":636}}