{"loss":29.888944625854492,"_wandb":{"runtime":105},"_runtime":105.005900253,"_timestamp":1.744105707496274e+09,"_step":11}