{"global_exs":20,"res_len":65,"_wandb":{"runtime":203},"_timestamp":1.7442790448086739e+09,"rewards":5.1015625,"ppl_policy0":1.1103636026382446,"ppl":1.1100966930389404,"_runtime":199.928644834,"_step":12,"loss":11.430998802185059,"ups":6.2744927406311035,"lr":5.000000058430487e-08}